timestamp,vL1,vL2,vL3,vL12,vL23,vL31,iL1,iL2,iL3,iNeutral,pL1,pL2,pL3,pTotal,qL1,qL2,qL3,qTotal,sL1,sL2,sL3,sTotal,pfL1,pfL2,pfL3,pfTotal,frequency,kwhImportL1,kwhImportL2,kwhImportL3,kwhImportTotal,kvarhImportL1,kvarhImportL2,kvarhImportL3,kvarhImportTotal
0,0.00,0.00,0.00,0.00,0.00,0.00,0.00,0.00,0.00,0.00,0.00,0.00,0.00,0.00,0.00,0.00,0.00,0.00,0.00,0.00,0.00,0.00,0.00,0.00,0.00,0.00,0.00,0.00,0.00,0.00,0.00,0.00,0.00,0.00,0.00
0,0.00,0.00,0.00,0.00,0.00,0.00,0.00,0.00,0.00,0.00,0.00,0.00,0.00,0.00,0.00,0.00,0.00,0.00,0.00,0.00,0.00,0.00,0.00,0.00,0.00,0.00,0.00,0.00,0.00,0.00,0.00,0.00,0.00,0.00,0.00
0,0.00,0.00,0.00,0.00,0.00,0.00,0.00,0.00,0.00,0.00,0.00,0.00,0.00,0.00,0.00,0.00,0.00,0.00,0.00,0.00,0.00,0.00,0.00,0.00,0.00,0.00,0.00,0.00,0.00,0.00,0.00,0.00,0.00,0.00,0.00
1764500185389,218.75,0.00,0.00,8.15,0.00,0.00,1753.43,0.00,0.00,1765.50,0.00,0.00,0.00,0.00,0.00,1.00,0.00,0.00,-1.49,0.00,0.00,218.75,0.00,8.15,8.15,0.00,1753.43,0.00,1765.50,0.00,0.00,1.00,0.00,-1.49,0.00
1764500186641,217.13,0.00,0.00,8.09,0.00,0.00,1765.50,0.00,0.00,1724.90,0.00,0.00,0.00,0.00,0.00,1.00,0.00,0.00,-1.54,0.00,0.00,217.13,0.00,8.09,8.09,0.00,1765.50,0.00,1724.90,0.00,0.00,1.00,0.00,-1.54,0.00
1764500187839,218.33,0.00,0.00,8.13,0.00,0.00,1766.60,0.00,0.00,1750.14,0.00,0.00,0.00,0.00,0.00,1.00,0.00,0.00,-1.54,0.00,0.00,218.33,0.00,8.13,8.13,0.00,1766.60,0.00,1750.14,0.00,0.00,1.00,0.00,-1.54,0.00
1764500187839,218.33,0.00,0.00,8.13,0.00,0.00,1766.60,0.00,0.00,1750.14,0.00,0.00,0.00,0.00,0.00,1.00,0.00,0.00,-1.54,0.00,0.00,218.33,0.00,8.13,8.13,0.00,1766.60,0.00,1750.14,0.00,0.00,1.00,0.00,-1.54,0.00
1764500189095,218.21,0.00,0.00,8.12,0.00,0.00,1766.60,0.00,0.00,1746.85,0.00,0.00,0.00,0.00,0.00,1.00,0.00,0.00,-1.44,0.00,0.00,218.21,0.00,8.12,8.12,0.00,1766.60,0.00,1746.85,0.00,0.00,1.00,0.00,-1.44,0.00
1764500190291,218.32,0.00,0.00,8.12,0.00,0.00,1766.60,0.00,0.00,1745.75,0.00,0.00,0.00,0.00,0.00,1.00,0.00,0.00,-1.54,0.00,0.00,218.32,0.00,8.12,8.12,0.00,1766.60,0.00,1745.75,0.00,0.00,1.00,0.00,-1.54,0.00
1764500191540,217.53,0.00,0.00,8.10,0.00,0.00,1762.21,0.00,0.00,1731.49,0.00,0.00,0.00,0.00,0.00,1.00,0.00,0.00,-1.50,0.00,0.00,217.53,0.00,8.10,8.10,0.00,1762.21,0.00,1731.49,0.00,0.00,1.00,0.00,-1.50,0.00
1764500192733,218.06,0.00,0.00,8.12,0.00,0.00,1767.70,0.00,0.00,1745.75,0.00,0.00,0.00,0.00,0.00,1.00,0.00,0.00,-1.43,0.00,0.00,218.06,0.00,8.12,8.12,0.00,1767.70,0.00,1745.75,0.00,0.00,1.00,0.00,-1.43,0.00
1764500192733,218.06,0.00,0.00,8.12,0.00,0.00,1767.70,0.00,0.00,1745.75,0.00,0.00,0.00,0.00,0.00,1.00,0.00,0.00,-1.43,0.00,0.00,218.06,0.00,8.12,8.12,0.00,1767.70,0.00,1745.75,0.00,0.00,1.00,0.00,-1.43,0.00
1764500193924,218.39,0.00,0.00,8.13,0.00,0.00,1764.41,0.00,0.00,1751.24,0.00,0.00,0.00,0.00,0.00,1.00,0.00,0.00,-1.48,0.00,0.00,218.39,0.00,8.13,8.13,0.00,1764.41,0.00,1751.24,0.00,0.00,1.00,0.00,-1.48,0.00
1764500195116,218.51,0.00,0.00,8.14,0.00,0.00,1773.18,0.00,0.00,1754.53,0.00,0.00,0.00,0.00,0.00,1.00,0.00,0.00,-1.53,0.00,0.00,218.51,0.00,8.14,8.14,0.00,1773.18,0.00,1754.53,0.00,0.00,1.00,0.00,-1.53,0.00
1764500196309,218.22,0.00,0.00,8.13,0.00,0.00,1768.79,0.00,0.00,1751.24,0.00,0.00,0.00,0.00,0.00,1.00,0.00,0.00,-1.55,0.00,0.00,218.22,0.00,8.13,8.13,0.00,1768.79,0.00,1751.24,0.00,0.00,1.00,0.00,-1.55,0.00
1764500197570,218.24,0.00,0.00,8.13,0.00,0.00,1768.79,0.00,0.00,1751.24,0.00,0.00,0.00,0.00,0.00,1.00,0.00,0.00,-1.54,0.00,0.00,218.24,0.00,8.13,8.13,0.00,1768.79,0.00,1751.24,0.00,0.00,1.00,0.00,-1.54,0.00
1764500198758,218.32,0.00,0.00,8.14,0.00,0.00,1769.89,0.00,0.00,1754.53,0.00,0.00,0.00,0.00,0.00,1.00,0.00,0.00,-1.57,0.00,0.00,218.32,0.00,8.14,8.14,0.00,1769.89,0.00,1754.53,0.00,0.00,1.00,0.00,-1.57,0.00
1764500198758,218.32,0.00,0.00,8.14,0.00,0.00,1769.89,0.00,0.00,1754.53,0.00,0.00,0.00,0.00,0.00,1.00,0.00,0.00,-1.57,0.00,0.00,218.32,0.00,8.14,8.14,0.00,1769.89,0.00,1754.53,0.00,0.00,1.00,0.00,-1.57,0.00
1764500199950,218.40,0.00,0.00,8.13,0.00,0.00,1780.86,0.00,0.00,1751.24,0.00,0.00,0.00,0.00,0.00,1.00,0.00,0.00,-1.58,0.00,0.00,218.40,0.00,8.13,8.13,0.00,1780.86,0.00,1751.24,0.00,0.00,1.00,0.00,-1.58,0.00
1764500201141,218.53,0.00,0.00,8.13,0.00,0.00,1772.09,0.00,0.00,1752.34,0.00,0.00,0.00,0.00,0.00,1.00,0.00,0.00,-1.59,0.00,0.00,218.53,0.00,8.13,8.13,0.00,1772.09,0.00,1752.34,0.00,0.00,1.00,0.00,-1.59,0.00
1764500202331,218.89,0.00,0.00,8.14,0.00,0.00,1775.38,0.00,0.00,1758.92,0.00,0.00,0.00,0.00,0.00,1.00,0.00,0.00,-1.53,0.00,0.00,218.89,0.00,8.14,8.14,0.00,1775.38,0.00,1758.92,0.00,0.00,1.00,0.00,-1.53,0.00
1764500203581,218.60,0.00,0.00,8.14,0.00,0.00,1774.28,0.00,0.00,1754.53,0.00,0.00,0.00,0.00,0.00,1.00,0.00,0.00,-1.60,0.00,0.00,218.60,0.00,8.14,8.14,0.00,1774.28,0.00,1754.53,0.00,0.00,1.00,0.00,-1.60,0.00
1764500204774,218.81,0.00,0.00,8.14,0.00,0.00,1774.28,0.00,0.00,1756.72,0.00,0.00,0.00,0.00,0.00,1.00,0.00,0.00,-1.62,0.00,0.00,218.81,0.00,8.14,8.14,0.00,1774.28,0.00,1756.72,0.00,0.00,1.00,0.00,-1.62,0.00
1764500204774,218.81,0.00,0.00,8.14,0.00,0.00,1774.28,0.00,0.00,1756.72,0.00,0.00,0.00,0.00,0.00,1.00,0.00,0.00,-1.62,0.00,0.00,218.81,0.00,8.14,8.14,0.00,1774.28,0.00,1756.72,0.00,0.00,1.00,0.00,-1.62,0.00
1764500205970,218.53,0.00,0.00,8.14,0.00,0.00,1776.48,0.00,0.00,1757.82,0.00,0.00,0.00,0.00,0.00,1.00,0.00,0.00,-1.44,0.00,0.00,218.53,0.00,8.14,8.14,0.00,1776.48,0.00,1757.82,0.00,0.00,1.00,0.00,-1.44,0.00
1764500207161,218.63,0.00,0.00,8.14,0.00,0.00,1773.18,0.00,0.00,1757.82,0.00,0.00,0.00,0.00,0.00,1.00,0.00,0.00,-1.51,0.00,0.00,218.63,0.00,8.14,8.14,0.00,1773.18,0.00,1757.82,0.00,0.00,1.00,0.00,-1.51,0.00
1764500208408,218.58,0.00,0.00,8.13,0.00,0.00,1769.89,0.00,0.00,1756.72,0.00,0.00,0.00,0.00,0.00,1.00,0.00,0.00,-1.50,0.00,0.00,218.58,0.00,8.13,8.13,0.00,1769.89,0.00,1756.72,0.00,0.00,1.00,0.00,-1.50,0.00
1764500209658,218.38,0.00,0.00,8.13,0.00,0.00,1770.99,0.00,0.00,1749.04,0.00,0.00,0.00,0.00,0.00,1.00,0.00,0.00,-1.58,0.00,0.00,218.38,0.00,8.13,8.13,0.00,1770.99,0.00,1749.04,0.00,0.00,1.00,0.00,-1.58,0.00
1764500209658,218.38,0.00,0.00,8.13,0.00,0.00,1770.99,0.00,0.00,1749.04,0.00,0.00,0.00,0.00,0.00,1.00,0.00,0.00,-1.58,0.00,0.00,218.38,0.00,8.13,8.13,0.00,1770.99,0.00,1749.04,0.00,0.00,1.00,0.00,-1.58,0.00
1764500210907,218.43,0.00,0.00,8.13,0.00,0.00,1770.99,0.00,0.00,1751.24,0.00,0.00,0.00,0.00,0.00,1.00,0.00,0.00,-1.56,0.00,0.00,218.43,0.00,8.13,8.13,0.00,1770.99,0.00,1751.24,0.00,0.00,1.00,0.00,-1.56,0.00
1764500212095,218.59,0.00,0.00,8.15,0.00,0.00,1776.48,0.00,0.00,1762.21,0.00,0.00,0.00,0.00,0.00,1.00,0.00,0.00,-1.52,0.00,0.00,218.59,0.00,8.15,8.15,0.00,1776.48,0.00,1762.21,0.00,0.00,1.00,0.00,-1.52,0.00
1764500213344,218.69,0.00,0.00,8.14,0.00,0.00,1773.18,0.00,0.00,1757.82,0.00,0.00,0.00,0.00,0.00,1.00,0.00,0.00,-1.57,0.00,0.00,218.69,0.00,8.14,8.14,0.00,1773.18,0.00,1757.82,0.00,0.00,1.00,0.00,-1.57,0.00
1764500214594,218.26,0.00,0.00,8.12,0.00,0.00,1766.60,0.00,0.00,1746.85,0.00,0.00,0.00,0.00,0.00,1.00,0.00,0.00,-1.50,0.00,0.00,218.26,0.00,8.12,8.12,0.00,1766.60,0.00,1746.85,0.00,0.00,1.00,0.00,-1.50,0.00
1764500215843,218.43,0.00,0.00,8.13,0.00,0.00,1767.70,0.00,0.00,1751.24,0.00,0.00,0.00,0.00,0.00,1.00,0.00,0.00,-1.51,0.00,0.00,218.43,0.00,8.13,8.13,0.00,1767.70,0.00,1751.24,0.00,0.00,1.00,0.00,-1.51,0.00
1764500215843,218.43,0.00,0.00,8.13,0.00,0.00,1767.70,0.00,0.00,1751.24,0.00,0.00,0.00,0.00,0.00,1.00,0.00,0.00,-1.51,0.00,0.00,218.43,0.00,8.13,8.13,0.00,1767.70,0.00,1751.24,0.00,0.00,1.00,0.00,-1.51,0.00
1764500217038,218.43,0.00,0.00,8.13,0.00,0.00,1768.79,0.00,0.00,1751.24,0.00,0.00,0.00,0.00,0.00,1.00,0.00,0.00,-1.61,0.00,0.00,218.43,0.00,8.13,8.13,0.00,1768.79,0.00,1751.24,0.00,0.00,1.00,0.00,-1.61,0.00
1764500218292,218.26,0.00,0.00,8.11,0.00,0.00,1766.60,0.00,0.00,1742.46,0.00,0.00,0.00,0.00,0.00,1.00,0.00,0.00,-1.51,0.00,0.00,218.26,0.00,8.11,8.11,0.00,1766.60,0.00,1742.46,0.00,0.00,1.00,0.00,-1.51,0.00
1764500219485,218.20,0.00,0.00,8.12,0.00,0.00,1767.70,0.00,0.00,1744.66,0.00,0.00,0.00,0.00,0.00,1.00,0.00,0.00,-1.56,0.00,0.00,218.20,0.00,8.12,8.12,0.00,1767.70,0.00,1744.66,0.00,0.00,1.00,0.00,-1.56,0.00
1764500220678,218.56,0.00,0.00,8.13,0.00,0.00,1770.99,0.00,0.00,1751.24,0.00,0.00,0.00,0.00,0.00,1.00,0.00,0.00,-1.62,0.00,0.00,218.56,0.00,8.13,8.13,0.00,1770.99,0.00,1751.24,0.00,0.00,1.00,0.00,-1.62,0.00
1764500221865,218.49,0.00,0.00,8.13,0.00,0.00,1766.60,0.00,0.00,1751.24,0.00,0.00,0.00,0.00,0.00,1.00,0.00,0.00,-1.46,0.00,0.00,218.49,0.00,8.13,8.13,0.00,1766.60,0.00,1751.24,0.00,0.00,1.00,0.00,-1.46,0.00
1764500221865,218.49,0.00,0.00,8.13,0.00,0.00,1766.60,0.00,0.00,1751.24,0.00,0.00,0.00,0.00,0.00,1.00,0.00,0.00,-1.46,0.00,0.00,218.49,0.00,8.13,8.13,0.00,1766.60,0.00,1751.24,0.00,0.00,1.00,0.00,-1.46,0.00
1764500223059,219.35,0.00,0.00,8.17,0.00,0.00,1785.25,0.00,0.00,1779.77,0.00,0.00,0.00,0.00,0.00,1.00,0.00,0.00,-1.46,0.00,0.00,219.35,0.00,8.17,8.17,0.00,1785.25,0.00,1779.77,0.00,0.00,1.00,0.00,-1.46,0.00
1764500224250,219.60,0.00,0.00,8.18,0.00,0.00,1787.45,0.00,0.00,1781.96,0.00,0.00,0.00,0.00,0.00,1.00,0.00,0.00,-1.52,0.00,0.00,219.60,0.00,8.18,8.18,0.00,1787.45,0.00,1781.96,0.00,0.00,1.00,0.00,-1.52,0.00
1764500225498,219.67,0.00,0.00,8.17,0.00,0.00,1789.64,0.00,0.00,1781.96,0.00,0.00,0.00,0.00,0.00,1.00,0.00,0.00,-1.45,0.00,0.00,219.67,0.00,8.17,8.17,0.00,1789.64,0.00,1781.96,0.00,0.00,1.00,0.00,-1.45,0.00
1764500226693,219.51,0.00,0.00,8.17,0.00,0.00,1785.25,0.00,0.00,1779.77,0.00,0.00,0.00,0.00,0.00,1.00,0.00,0.00,-1.55,0.00,0.00,219.51,0.00,8.17,8.17,0.00,1785.25,0.00,1779.77,0.00,0.00,1.00,0.00,-1.55,0.00
1764500226693,219.51,0.00,0.00,8.17,0.00,0.00,1785.25,0.00,0.00,1779.77,0.00,0.00,0.00,0.00,0.00,1.00,0.00,0.00,-1.55,0.00,0.00,219.51,0.00,8.17,8.17,0.00,1785.25,0.00,1779.77,0.00,0.00,1.00,0.00,-1.55,0.00
1764500227942,219.40,0.00,0.00,8.16,0.00,0.00,1784.16,0.00,0.00,1774.28,0.00,0.00,0.00,0.00,0.00,1.00,0.00,0.00,-1.55,0.00,0.00,219.40,0.00,8.16,8.16,0.00,1784.16,0.00,1774.28,0.00,0.00,1.00,0.00,-1.55,0.00
1764500229133,219.29,0.00,0.00,8.16,0.00,0.00,1783.06,0.00,0.00,1778.67,0.00,0.00,0.00,0.00,0.00,1.00,0.00,0.00,-1.48,0.00,0.00,219.29,0.00,8.16,8.16,0.00,1783.06,0.00,1778.67,0.00,0.00,1.00,0.00,-1.48,0.00
1764500230326,219.31,0.00,0.00,8.15,0.00,0.00,1778.67,0.00,0.00,1769.89,0.00,0.00,0.00,0.00,0.00,1.00,0.00,0.00,-1.58,0.00,0.00,219.31,0.00,8.15,8.15,0.00,1778.67,0.00,1769.89,0.00,0.00,1.00,0.00,-1.58,0.00
1764500231517,218.75,0.00,0.00,8.14,0.00,0.00,1775.38,0.00,0.00,1757.82,0.00,0.00,0.00,0.00,0.00,1.00,0.00,0.00,-1.42,0.00,0.00,218.75,0.00,8.14,8.14,0.00,1775.38,0.00,1757.82,0.00,0.00,1.00,0.00,-1.42,0.00
1764500232767,217.89,0.00,0.00,8.11,0.00,0.00,1775.38,0.00,0.00,1738.07,0.00,0.00,0.00,0.00,0.00,1.00,0.00,0.00,-1.53,0.00,0.00,217.89,0.00,8.11,8.11,0.00,1775.38,0.00,1738.07,0.00,0.00,1.00,0.00,-1.53,0.00
1764500232767,217.89,0.00,0.00,8.11,0.00,0.00,1775.38,0.00,0.00,1738.07,0.00,0.00,0.00,0.00,0.00,1.00,0.00,0.00,-1.53,0.00,0.00,217.89,0.00,8.11,8.11,0.00,1775.38,0.00,1738.07,0.00,0.00,1.00,0.00,-1.53,0.00
1764500234019,218.83,0.00,0.00,8.14,0.00,0.00,1773.18,0.00,0.00,1758.92,0.00,0.00,0.00,0.00,0.00,1.00,0.00,0.00,-1.41,0.00,0.00,218.83,0.00,8.14,8.14,0.00,1773.18,0.00,1758.92,0.00,0.00,1.00,0.00,-1.41,0.00
1764500235208,216.15,0.00,0.00,8.04,0.00,0.00,1728.20,0.00,0.00,1700.76,0.00,0.00,0.00,0.00,0.00,1.00,0.00,0.00,-1.65,0.00,0.00,216.15,0.00,8.04,8.04,0.00,1728.20,0.00,1700.76,0.00,0.00,1.00,0.00,-1.65,0.00
1764500236457,217.47,0.00,0.00,8.09,0.00,0.00,1766.60,0.00,0.00,1726.00,0.00,0.00,0.00,0.00,0.00,1.00,0.00,0.00,-1.49,0.00,0.00,217.47,0.00,8.09,8.09,0.00,1766.60,0.00,1726.00,0.00,0.00,1.00,0.00,-1.49,0.00
1764500237706,218.57,0.00,0.00,8.13,0.00,0.00,1772.09,0.00,0.00,1751.24,0.00,0.00,0.00,0.00,0.00,1.00,0.00,0.00,-1.57,0.00,0.00,218.57,0.00,8.13,8.13,0.00,1772.09,0.00,1751.24,0.00,0.00,1.00,0.00,-1.57,0.00
1764500237706,218.57,0.00,0.00,8.13,0.00,0.00,1772.09,0.00,0.00,1751.24,0.00,0.00,0.00,0.00,0.00,1.00,0.00,0.00,-1.57,0.00,0.00,218.57,0.00,8.13,8.13,0.00,1772.09,0.00,1751.24,0.00,0.00,1.00,0.00,-1.57,0.00
1764500238900,218.56,0.00,0.00,8.13,0.00,0.00,1769.89,0.00,0.00,1751.24,0.00,0.00,0.00,0.00,0.00,1.00,0.00,0.00,-1.65,0.00,0.00,218.56,0.00,8.13,8.13,0.00,1769.89,0.00,1751.24,0.00,0.00,1.00,0.00,-1.65,0.00
1764500240148,218.68,0.00,0.00,8.15,0.00,0.00,1776.48,0.00,0.00,1761.11,0.00,0.00,0.00,0.00,0.00,1.00,0.00,0.00,-1.62,0.00,0.00,218.68,0.00,8.15,8.15,0.00,1776.48,0.00,1761.11,0.00,0.00,1.00,0.00,-1.62,0.00
1764500241393,218.60,0.00,0.00,8.12,0.00,0.00,1768.79,0.00,0.00,1749.04,0.00,0.00,0.00,0.00,0.00,1.00,0.00,0.00,-1.56,0.00,0.00,218.60,0.00,8.12,8.12,0.00,1768.79,0.00,1749.04,0.00,0.00,1.00,0.00,-1.56,0.00
1764500242585,218.61,0.00,0.00,8.14,0.00,0.00,1774.28,0.00,0.00,1760.02,0.00,0.00,0.00,0.00,0.00,1.00,0.00,0.00,-1.52,0.00,0.00,218.61,0.00,8.14,8.14,0.00,1774.28,0.00,1760.02,0.00,0.00,1.00,0.00,-1.52,0.00
1764500243781,218.78,0.00,0.00,8.14,0.00,0.00,1770.99,0.00,0.00,1756.72,0.00,0.00,0.00,0.00,0.00,1.00,0.00,0.00,-1.57,0.00,0.00,218.78,0.00,8.14,8.14,0.00,1770.99,0.00,1756.72,0.00,0.00,1.00,0.00,-1.57,0.00
1764500243781,218.78,0.00,0.00,8.14,0.00,0.00,1770.99,0.00,0.00,1756.72,0.00,0.00,0.00,0.00,0.00,1.00,0.00,0.00,-1.57,0.00,0.00,218.78,0.00,8.14,8.14,0.00,1770.99,0.00,1756.72,0.00,0.00,1.00,0.00,-1.57,0.00
1764500244973,218.48,0.00,0.00,8.12,0.00,0.00,1767.70,0.00,0.00,1746.85,0.00,0.00,0.00,0.00,0.00,1.00,0.00,0.00,-1.61,0.00,0.00,218.48,0.00,8.12,8.12,0.00,1767.70,0.00,1746.85,0.00,0.00,1.00,0.00,-1.61,0.00
1764500246223,218.71,0.00,0.00,8.14,0.00,0.00,1773.18,0.00,0.00,1757.82,0.00,0.00,0.00,0.00,0.00,1.00,0.00,0.00,-1.53,0.00,0.00,218.71,0.00,8.14,8.14,0.00,1773.18,0.00,1757.82,0.00,0.00,1.00,0.00,-1.53,0.00
1764500247414,218.75,0.00,0.00,8.14,0.00,0.00,1775.38,0.00,0.00,1757.82,0.00,0.00,0.00,0.00,0.00,1.00,0.00,0.00,-1.65,0.00,0.00,218.75,0.00,8.14,8.14,0.00,1775.38,0.00,1757.82,0.00,0.00,1.00,0.00,-1.65,0.00
1764500248665,218.73,0.00,0.00,8.14,0.00,0.00,1769.89,0.00,0.00,1760.02,0.00,0.00,0.00,0.00,0.00,1.00,0.00,0.00,-1.54,0.00,0.00,218.73,0.00,8.14,8.14,0.00,1769.89,0.00,1760.02,0.00,0.00,1.00,0.00,-1.54,0.00
1764500249859,218.75,0.00,0.00,8.14,0.00,0.00,1776.48,0.00,0.00,1755.63,0.00,0.00,0.00,0.00,0.00,1.00,0.00,0.00,-1.47,0.00,0.00,218.75,0.00,8.14,8.14,0.00,1776.48,0.00,1755.63,0.00,0.00,1.00,0.00,-1.47,0.00
1764500249859,218.75,0.00,0.00,8.14,0.00,0.00,1776.48,0.00,0.00,1755.63,0.00,0.00,0.00,0.00,0.00,1.00,0.00,0.00,-1.47,0.00,0.00,218.75,0.00,8.14,8.14,0.00,1776.48,0.00,1755.63,0.00,0.00,1.00,0.00,-1.47,0.00
1764500251108,218.73,0.00,0.00,8.14,0.00,0.00,1773.18,0.00,0.00,1756.72,0.00,0.00,0.00,0.00,0.00,1.00,0.00,0.00,-1.56,0.00,0.00,218.73,0.00,8.14,8.14,0.00,1773.18,0.00,1756.72,0.00,0.00,1.00,0.00,-1.56,0.00
1764500252303,218.70,0.00,0.00,8.12,0.00,0.00,1773.18,0.00,0.00,1751.24,0.00,0.00,0.00,0.00,0.00,1.00,0.00,0.00,-1.52,0.00,0.00,218.70,0.00,8.12,8.12,0.00,1773.18,0.00,1751.24,0.00,0.00,1.00,0.00,-1.52,0.00
1764500253560,219.02,0.00,0.00,8.14,0.00,0.00,1773.18,0.00,0.00,1757.82,0.00,0.00,0.00,0.00,0.00,1.00,0.00,0.00,-1.52,0.00,0.00,219.02,0.00,8.14,8.14,0.00,1773.18,0.00,1757.82,0.00,0.00,1.00,0.00,-1.52,0.00
1764500254753,218.84,0.00,0.00,8.14,0.00,0.00,1776.48,0.00,0.00,1756.72,0.00,0.00,0.00,0.00,0.00,1.00,0.00,0.00,-1.62,0.00,0.00,218.84,0.00,8.14,8.14,0.00,1776.48,0.00,1756.72,0.00,0.00,1.00,0.00,-1.62,0.00
